Sample_ID,Well_Name,Frog_Name,Full_Frog_Name,Species,Days,Treatment,QC_Sample.Conc...ng.ul.,Index.A,Index.B,Index.Group,X..Lanes,RNA.ng.ul,ul.RNA,ul.H20,Date.of.Capture,Date.of.Experiment,Done,Location.of.Capture,Notes,Out.of.Treatment,Benzocaine,Sacrifice,Box.Cleaned,Fed1,Fed2,Fed3,Fed4,Fed5,Fed6,X,X.1,X.2,X.3,X.4
11571X1,1A,CRFI1,CRFI R01,CRFI,13,20,11 ng/ul,Index 1 ATCACG,NA,1,2,350,4.29,45.71,5/8/14,5/21/14,X,Las Cruces,Juvenile. Maybe female??,18:00,19:00,19:10,5/20/14,5/9/14,5/11/14,5/13/14,5/15/14,5/18/14,X,,,,,
11571X2,1E,CRCR1,CRCR R01,CRCR,13,20,10 ng/ul,Index 20 GTGGCC,NA,1,2,205,7.32,42.68,5/8/14,5/21/14,X,Las Cruces,,18:20,19:20,19:30,5/20/14,5/9/14,5/11/14,5/13/14,5/15/14,5/18/14,X,,,,,
11571X3,3B,CRFI6,CRFI R06,CRFI,3,30,30 ng/ul,Index 3 TTAGGC,NA,1,2,510,2.94,47.06,5/9/14,5/12/14,X,Las Cruces,,18:00,19:00,19:10,,5/10/14,X,,,,,,,,,
11571X4,3F,CRCR6,CRCR R06,CRCR,3,30,35 ng/ul,Index 21 GTTTCG,NA,1,2,158,9.49,40.51,5/9/14,5/12/14,X,Las Cruces,"Dispalying heat avoidance stance, with feet curled up, at the end of treatment",17:20,18:20,18:30,,5/10/14,X,,,,,,,,,
11571X5,5C,CRFI11,CRFI R11,CRFI,9,30,38 ng/ul,Index 8 ACTTGA,NA,1,2,343,4.37,45.63,5/9/14,5/18/14,X,Las Cruces,,18:00,19:00,19:10,,5/10/14,5/12/14,5/13/14,5/15/14,X,,,,,,
11571X6,5G,CRCR11,CRCR R11,CRCR,9,30,29 ng/ul,Index 22 CGTACG,NA,1,2,137,10.95,39.05,5/9/14,5/18/14,X,Las Cruces,,17:20,18:23,18:33,,5/10/14,5/12/14,5/13/14,5/15/14,X,,,,,,
11571X7,7D,CRFI16,CRFI R16,CRFI,2,20,32 ng/ul,Index 9 GATCAG,NA,1,2,600,2.5,47.5,5/17/14,5/19/14,X,Las Cruces,,17:40,18:42,18:52,,X,,,,,,,,,,
11571X8,7H,CRCR16,CRCR R16,CRCR,2,20,30 ng/ul,Index 23 GAGTGG,NA,1,2,266,5.64,44.36,5/17/14,5/19/14,X,Las Cruces,,17:20,18:22,18:33,,X,,,,,,,,,,
11571X9,9A,CRFI17,CRFI R17,CRFI,14,30,30 ng/ul,Index 10 TAGCTT,NA,1,2,590,2.54,47.46,5/17/14,5/31/14,X,Las Cruces,maybe female?,18:00,18:03,18:13,5/27/14,5/18/14,5/20/14,5/23/2014 (beetle),5/26/14,5/30/14,5/28/14,,,,,
11571X10,9E,CRCR17,CRCR R17,CRCR,14,30,32 ng/ul,Index 25 ACTGAT,NA,1,2,396,3.79,46.21,5/17/14,5/31/14,X,Las Cruces,,18:21,19:21,19:31,5/27/14,5/18/14,5/20/14,5/23/14,5/26/14,5/30/14,5/28/14,,,,,
11571X11,11B,CRFI22,CRFI R22,CRFI,20,20,31 ng/ul,Index 11 GGCTAC,NA,1,2,322,4.66,45.34,5/17/14,6/6/14,X,Las Cruces,,17:22,18:24,18:34,,5/18/14,5/21/14,5/24/14,5/26/14,5/30/14,5/28/14,6/1/14,6/3/14,6/5/14,,
11571X12,11F,CRCR22,CRCR R22,CRCR,20,20,33 ng/ul,Index 27 ATTCCT,NA,1,2,260,5.77,44.23,5/17/14,6/6/14,X,Las Cruces,,18:20,19:21,19:31,,5/18/14,5/21/14,5/24/14,5/26/14,5/30/14,5/28/14,6/1/14,6/3/14,6/5/14,,
11571X13,1B,CRFI2,CRFI R02,CRFI,13,30,10 ng/ul,Index 1 ATCACG,NA,2,1,530,2.83,47.17,5/8/14,5/21/14,X,Las Cruces,,17:22,18:21,18:31,5/20/14,5/9/14,5/11/14,5/13/14,5/15/14,5/18/14,X,,,,,
11571X14,1F,CRCR2,CRCR R02,CRCR,13,30,13 ng/ul,Index 20 GTGGCC,NA,2,1,131,11.45,38.55,5/8/14,5/21/14,X,Las Cruces,,17:40,18:40,18:50,5/20/14,5/9/14,5/11/14,5/13/14,5/15/14,5/18/14,X,,,,,
11571X15,3C,CRFI7,CRFI R07,CRFI,1,20,31 ng/ul,Index 3 TTAGGC,NA,2,1,500,3,47,5/9/14,5/10/14,X,Las Cruces,,18:00,19:00,19:12,,X,,,,,,,,,,
11571X16,3G,CRCR7,CRCR R07,CRCR,1,30,32 ng/ul,Index 21 GTTTCG,NA,2,1,375,4,46,5/9/14,5/10/14,X,Las Cruces,,18:20,19:24,19:34,,X,,,,,,,,,,
11571X17,5D,CRFI12,CRFI R12,CRFI,9,20,32 ng/ul,Index 8 ACTTGA,NA,2,1,347,4.32,45.68,5/9/14,5/18/14,X,Las Cruces,,18:20,19:20,19:33,,5/10/14,5/11/14,5/13/14,5/15/14,X,,,,,,
11571X18,5H,CRCR12,CRCR R12,CRCR,9,20,30 ng/ul,Index 22 CGTACG,NA,2,1,257,5.84,44.16,5/9/14,5/18/14,X,Las Cruces,,17:40,18:40,18:50,,5/10/14,5/12/14,5/13/14,5/15/14,X,,,,,,
11571X19,7A,CRFI13,CRFI R13,CRFI,11,30,31 ng/ul,Index 9 GATCAG,NA,2,1,207,7.25,42.75,5/16/14,5/27/14,X,Las Cruces,,18:20,19:21,19:32,,5/19/14,5/23/14,5/26/14,X,,,,,,,
11571X20,7E,CRCR13,CRCR R13,CRCR,11,30,29 ng/ul,Index 23 GAGTGG,NA,2,1,128,11.72,38.28,5/16/14,5/27/14,X,Las Cruces,,17:40,18:40,18:50,,5/19/14,5/21/14,5/24/14,5/26/14,X,,,,,,
11571X21,9B,CRFI18,CRFI R18,CRFI,14,20,30 ng/ul,Index 10 TAGCTT,NA,2,1,600,2.5,47.5,5/17/14,5/31/14,X,Las Cruces,"terrarium flooded, frog fine, but dumped water and frog was disturbed, jumping all around the box. Maybe female?",17:20,18:24,18:34,5/27/14,5/18/14,5/20/14,5/23/2014 (beetle),5/24/14,5/26/14,5/30/14,5/28/14,,,,
11571X22,9F,CRCR18,CRCR R18,CRCR,14,20,29 ng/ul,Index 25 ACTGAT,NA,2,1,311,4.82,45.18,5/17/14,5/31/14,X,Las Cruces,,17:40,18:46,18:55,5/27/14,5/18/14,5/20/14,5/23/14,5/26/14,5/30/14,5/28/14,,,,,
11571X23,11C,CRFI23,CRFI R23,CRFI,16,30,31 ng/ul,Index 11 GGCTAC,NA,2,1,580,2.59,47.41,5/20/14,6/5/14,X,Las Cruces,,18:20,19:21,19:31,,5/21/14,5/24/14,5/26/14,5/30/14,5/28/14,6/1/14,6/3/14,,,,
11571X24,11G,CRCR23,CRCR R23,CRCR,16,30,28 ng/ul,Index 27 ATTCCT,NA,2,1,477,3.14,46.86,5/20/14,6/5/14,X,Las Cruces,,18:01,19:01,19:11,,5/21/14,5/24/14,5/26/14,5/30/14,5/28/14,6/1/14,6/3/14,,,,
11571X25,1C,CRFI3,CRFI R03,CRFI,5,30,13 ng/ul,Index 1 ATCACG,NA,3,1,437,3.43,46.57,5/9/14,5/14/14,X,Las Cruces,,18:00,19:02,19:12,,5/11/14,5/12/14,X,,,,,,,,
11571X26,1G,CRCR3,CRCR R03,CRCR,5,30,10 ng/ul,Index 20 GTGGCC,NA,3,1,115,13.04,36.96,5/9/14,5/14/14,X,Las Cruces,,17:20,18:26,18:35,,5/10/14,5/12/14,X,,,,,,,,
11571X27,3D,CRFI8,CRFI R08,CRFI,1,30,24 ng/ul,Index 3 TTAGGC,NA,3,1,600,2.5,47.5,5/9/14,5/10/14,X,Las Cruces,,17:40,18:40,18:50,,X,,,,,,,,,,
11571X28,3H,CRCR8,CRCR R08,CRCR,1,20,39 ng/ul,Index 21 GTTTCG,NA,3,1,560,2.68,47.32,5/9/14,5/10/14,X,Las Cruces,,17:20,18:20,18:30,,X,,,,,,,,,,
11571X29,5A,CRFI9,CRFI R09,CRFI,24,30,30 ng/ul,Index 8 ACTTGA,NA,3,1,497,3.02,46.98,5/9/14,6/2/14,X,Las Cruces,,18:01,19:01,19:11,5/24/14,5/10/14,5/11/14,5/13/14,5/15/14,5/17/14,5/19/14,5/23/14,5/26/14,5/30/14,5/28/14,6/1/14
11571X30,5E,CRCR9,CRCR R09,CRCR,24,30,26 ng/ul,Index 22 CGTACG,NA,3,1,242,6.2,43.8,5/9/14,6/2/14,X,Las Cruces,,18:20,19:22,19:32,5/24/14,5/10/14,5/11/14,5/13/14,5/15/14,5/17/14,5/20/14,5/23/14,5/26/14,5/30/14,5/28/14,6/1/14
11571X31,7B,CRFI14,CRFI R14,CRFI,11,20,31 ng/ul,Index 9 GATCAG,NA,3,1,486,3.09,46.91,5/16/14,5/27/14,X,Las Cruces,,18:00,19:00,19:12,,5/19/14,5/23/14,5/26/14,X,,,,,,,
11571X32,7F,CRCR14,CRCR R14,CRCR,11,20,30 ng/ul,Index 23 GAGTGG,NA,3,1,210,7.14,42.86,5/16/14,5/27/14,X,Las Cruces,,17:20,18:21,18:31,,5/19/14,5/21/14,5/24/14,5/26/14,X,,,,,,
11571X33,9C,CRFI19,CRFI R19,CRFI,7,30,30 ng/ul,Index 10 TAGCTT,NA,3,1,309,4.85,45.15,5/17/14,5/24/14,X,Las Cruces,,18:00,19:02,19:12,,5/18/14,5/21/14,X,,,,,,,,
11571X34,9G,CRCR19,CRCR R19,CRCR,7,30,22 ng/ul,Index 25 ACTGAT,NA,3,1,184,8.15,41.85,5/17/14,5/24/14,X,Las Cruces,,17:40,18:40,18:52,,5/18/14,5/21/14,X,,,,,,,,
11571X35,11D,CRFI24,CRFI R24,CRFI,16,20,32 ng/ul,Index 11 GGCTAC,NA,3,1,478,3.14,46.86,5/20/14,6/5/14,X,Las Cruces,,17:20,18:22,18:31,,5/21/14,5/24/14,5/26/14,5/30/14,5/28/14,6/1/14,6/3/14,,,,
11571X36,11H,CRCR24,CRCR R24,CRCR,16,20,37 ng/ul,Index 27 ATTCCT,NA,3,1,116,12.93,37.07,5/20/14,6/5/14,X,Las Cruces,,17:41,18:40,18:50,,5/21/14,5/24/14,5/26/14,5/30/14,5/28/14,6/1/14,6/3/14,,,,
11209X1,1D,CRFI4,CRFI R04,CRFI,5,20,6 ng/ul,Index 1 ATCACG,NA,4,1,570,2.63,47.37,5/9/14,5/14/14,X,Las Cruces,,17:41,18:42,18:54,,5/11/14,5/12/14,X,,,,,,,,
11209X2,1H,CRCR4,CRCR R04,CRCR,5,20,13 ng/ul,Index 20 GTGGCC,NA,4,1,200,7.5,42.5,5/9/14,5/14/14,X,Las Cruces,,18:22,19:22,19:32,,5/10/14,5/12/14,X,,,,,,,,
11209X3,3A,CRFI5,CRFI R05,CRFI,3,20,30 ng/ul,Index 3 TTAGGC,NA,4,1,600,2.5,47.5,5/9/14,5/12/14,X,Las Cruces,,17:40,18:40,18:50,,5/10/14,X,,,,,,,,,
11209X4,3E,CRCR5,CRCR R05,CRCR,3,20,32 ng/ul,Index 21 GTTTCG,NA,4,1,131,11.45,38.55,5/9/14,5/12/14,X,Las Cruces,,18:20,19:20,19:30,,5/10/14,X,,,,,,,,,
11209X5,5B,CRFI10,CRFI R10,CRFI,24,20,31 ng/ul,Index 8 ACTTGA,NA,4,1,317,4.73,45.27,5/9/14,6/2/14,X,Las Cruces,,17:41,18:42,18:52,5/24/14,5/10/14,5/11/14,5/13/14,5/15/14,5/17/14,5/19/14,5/23/14,5/26/14,5/30/14,5/28/14,6/1/14
11209X6,5F,CRCR10,CRCR R10,CRCR,24,20,24 ng/ul,Index 22 CGTACG,NA,4,1,264,5.68,44.32,5/9/14,6/2/14,X,Las Cruces,,17:23,18:23,18:33,5/24/14,5/10/14,5/11/2014 (still has food),5/13/14,5/15/14,5/17/14,5/20/14,5/23/14,5/26/14,5/30/14,5/28/14,6/1/14
11209X7,7C,CRFI15,CRFI R15,CRFI,3,30,30 ng/ul,Index 9 GATCAG,NA,4,1,600,2.5,47.5,5/16/14,5/19/14,X,Las Cruces,,18:20,19:22,19:31,,X,,,,,,,,,,
11209X8,7G,CRCR15,CRCR R15,CRCR,2,30,28 ng/ul,Index 23 GAGTGG,NA,4,1,387,3.88,46.12,5/17/14,5/19/14,X,Las Cruces,,18:00,19:01,19:10,,X,,,,,,,,,,
11209X9,9D,CRFI20,CRFI R20,CRFI,7,20,30 ng/ul,Index 10 TAGCTT,NA,4,1,550,2.73,47.27,5/17/14,5/24/14,X,Las Cruces,,17:22,18:22,18:32,,5/18/14,5/21/14,X,,,,,,,,
11209X10,9H,CRCR20,CRCR R20,CRCR,7,20,34 ng/ul,Index 25 ACTGAT,NA,4,1,159,9.43,40.57,5/17/14,5/24/14,X,Las Cruces,,18:20,19:22,19:02,,5/18/14,5/21/14,X,,,,,,,,
11209X11,11A,CRFI21,CRFI R21,CRFI,20,30,30 ng/ul,Index 11 GGCTAC,NA,4,1,520,2.88,47.12,5/17/14,6/6/14,X,Las Cruces,,17:42,18:43,18:53,,5/18/14,5/21/14,5/24/14,5/26/14,5/30/14,5/28/14,6/1/14,6/3/14,6/5/14,,
11209X12,11E,CRCR21,CRCR R21,CRCR,20,30,33 ng/ul,Index 27 ATTCCT,NA,4,1,241,6.22,43.78,5/17/14,6/6/14,X,Las Cruces,,18:00,19:01,19:11,,5/18/14,5/21/14,5/24/14,5/26/14,5/30/14,5/28/14,6/1/14,6/3/14,6/5/14,,